Station,Type_milieu,Algues,Température_C,Salinité_PSU,pH,Oxygène_dissous_mgL,Nitrates_uM,Phytoplancton_cells_mL
G,Océanique,Oui,24.21481052458884,35.09479080829937,8.02162343344136,6.466800389432801,1.1700118561841781,19244
D,Côtier,Non,24.07013703122118,35.50052304628357,8.030945894768374,6.231007331805437,0.9133696370950575,17281
H,Côtier,Oui,21.061655947735705,33.648383853500384,8.008380808451875,6.752595108635638,1.0950675185866394,12509
E,Côtier,Non,22.593705300156113,35.338937659765456,8.016817779176955,6.389237839865766,1.2987309695286302,15016
G,Côtier,Non,22.741045279424107,34.672962158436285,8.093282170995064,5.627903534203508,1.4592126123562792,16533
J,Côtier,Non,22.39101064873586,34.08468355157177,8.028424001088924,6.387553383013458,0.9785686366395097,14727
C,Côtier,Oui,21.17454226923187,35.25560129976249,8.168205206571262,6.188436853746809,1.1268988126029469,10681
G,Côtier,Oui,20.992564948092923,35.68682927258148,8.248724615533593,6.0106172553617165,1.1697401559534955,13932
H,Océanique,Oui,21.961668893512833,34.931275742686154,8.041994675862995,6.128772008533228,0.9208421595615028,15560
E,Océanique,Non,23.759093528889046,35.47643727360147,8.123940450053537,6.532822541549891,1.31826984835168,14016
D,Océanique,Oui,22.815400231891648,35.806139128994324,8.149968511030293,6.898592248474469,1.0552019336514782,17339
H,Océanique,Non,21.44407850187084,35.657457226792026,8.147200227091927,6.593955342159494,1.1609219297645952,10719
H,Côtier,Non,23.157548065972517,35.8199822646857,8.107595526791608,6.318048983535278,1.1096101256176245,10074
C,Lagune,Oui,17.727186069054888,35.37106374553595,8.174268241835971,6.636771258551211,1.042132298856065,19485
F,Côtier,Non,23.723148550558154,35.03771681945079,8.148224895268065,6.362272906934303,1.198591002903889,14157
E,Lagune,Oui,19.390429331832852,34.19901709405141,7.97623375776727,6.291619889251057,1.1568780842863955,18511
B,Océanique,Oui,21.456338587895303,34.876968755935025,8.186915606438927,6.153691199530105,1.1256284235442668,12149
H,Côtier,Oui,20.320495158060783,34.578376702341906,8.188729083726674,5.974451357974484,1.0543076756639314,19644
F,Océanique,Oui,20.05797778641864,36.085471358748904,8.023671389582141,6.383022888032166,1.263904934156591,19747
B,Côtier,Oui,23.74124018106778,34.91205709378383,8.10379378354476,6.547416046976039,1.530723453698457,16713
E,Océanique,Non,21.298448198032162,35.06160240339224,8.168332899281106,6.471012898995533,1.2279774465678255,14207
A,Lagune,Non,22.519755822596075,35.27574268802023,8.079068618042063,6.3752099216157925,1.3992236429822258,17141
J,Lagune,Non,21.929619131681225,35.02180122318623,8.207297804776601,6.216276181790966,0.9219556149693073,18652
F,Lagune,Oui,22.71556124083468,35.84752552021538,8.336387249461936,6.6824738575054905,1.231552287858754,19078
I,Côtier,Oui,22.115232836590383,34.68867531913278,8.0214013967365,6.1048604240160245,0.9805263362057867,13936
A,Lagune,Oui,20.075511663717144,35.09730372761862,7.9618955396846225,6.732808374153042,0.9046150144936196,19307
J,Côtier,Non,23.49440022917071,34.62876470715098,8.130381859560487,6.199334894321982,1.0521257185081927,11075
C,Lagune,Oui,21.259365125258032,34.33998874438965,8.172156250512614,6.274269428794089,1.4383798668827146,13876
G,Lagune,Non,19.665127152010374,34.69411545454736,8.076913362615523,6.059964442815297,1.3900031657339291,14615
D,Côtier,Non,21.357827258551133,34.98148160147579,8.245326066332103,6.349579355934309,1.2486009444108799,17265
I,Côtier,Oui,24.251139685951465,34.78534888774137,7.966139420027675,6.792593737543394,0.8934598880220137,16379
C,Lagune,Oui,23.27533261317024,34.65378951006307,8.169291862303162,6.654688426533187,1.1607438697224126,19118
E,Côtier,Non,21.47702179838821,34.29684126816408,8.03941391792411,6.79352663360841,1.260340001780347,14652
C,Lagune,Oui,21.476113443522358,34.95844721368565,8.27193779062073,6.656642763780181,1.2351072459157195,16792
G,Côtier,Non,21.517547423173927,34.2476398129845,8.299251535316811,6.1688990514408895,0.8312412833038507,19247
E,Océanique,Oui,25.11512197534126,35.380027981844805,8.023334341221664,6.400763232701733,1.0219364303960257,17456
I,Océanique,Oui,22.57290317834733,35.04121987646725,8.045044286409142,6.2659402612647614,1.1871844471702566,14674
G,Océanique,Non,22.645062470786606,34.27122425026754,8.18595878869798,6.899172471211712,1.307258181903438,10541
B,Océanique,Oui,23.54542518104776,34.84539546147507,8.061286935021048,6.140963406072107,0.7607744357800106,12161
D,Océanique,Non,22.358183738539772,34.62392179720471,8.095458878206776,6.768109306816733,1.1675752049040282,12251
I,Lagune,Oui,21.611436781268946,35.15958725520959,8.10253884205424,6.767886161032631,1.2286097539757905,19244
B,Océanique,Non,21.70547522637253,35.67022522301157,7.908032684380234,7.0488860605148265,1.3699223977032426,14569
J,Océanique,Non,21.892598110878904,34.062413765177126,8.098616225390575,6.377094022211151,1.3385715168474872,12744
I,Océanique,Oui,21.94416664523524,35.057513039573706,8.031027222593583,6.713696647874048,1.316514263761761,16041
J,Océanique,Non,23.09144431545547,34.91993360221668,8.050687717760022,7.184495550961653,1.0400118986596132,14675
E,Côtier,Oui,22.07791882871095,35.33567003822523,8.24436320034688,6.314707496919891,0.8183995725753384,11560
B,Lagune,Oui,23.09896011582337,35.10659831411884,7.974349310572074,6.039487925740292,1.1213894485877198,11164
D,Océanique,Oui,21.878925129837125,34.62401533413059,8.181320518674797,5.935996989827671,1.400326365041712,15419
G,Océanique,Non,22.117952785474134,34.84047303216669,8.07210370696682,6.713813608658399,1.4786909055048862,12722
H,Océanique,Non,19.002698973201838,34.60198707159825,8.072023983150416,5.935054937582425,1.342109820459557,10470
C,Lagune,Oui,23.374491512053723,35.5380035692993,8.179037189605172,6.3883042841186235,1.285868164560347,19608
A,Côtier,Oui,22.519732713846988,35.01065582433597,8.134005129456888,6.631193956111688,1.275927929677193,11468
D,Lagune,Non,23.497015164789477,35.950595342876504,8.157061299721953,6.555552661048974,1.0887762506478438,17925
B,Côtier,Oui,17.655616932709467,34.96966959309269,8.196818466053285,6.627633459255252,1.173987941289276,10808
H,Océanique,Oui,25.132562057171093,34.64579661654477,8.066869161681668,6.566686956740257,1.5338139051652662,18363
D,Océanique,Non,21.79061555776724,34.24314280369359,8.038776326549225,6.883659743994018,1.0114883988416246,16719
B,Lagune,Oui,23.662274225106273,34.09843016187203,7.99148494734422,6.214305085778361,1.5229557581419702,15073
F,Lagune,Non,20.440141109311703,34.207932028497254,8.017458947002105,6.2969014584624405,1.1355943691015882,18012
F,Côtier,Oui,22.919160857593855,35.13356332550574,8.394909442530873,6.268202166418753,1.4650864218190156,11645
J,Côtier,Non,20.419876655239516,35.254362511614964,8.224467958073678,6.749057543558783,0.9186369981004923,18249
D,Lagune,Oui,21.06434655895629,34.209404648983934,7.964892563379197,6.770119576518519,1.3171808402329297,11129
F,Côtier,Oui,24.871047030800177,35.44751915703806,7.967754204325643,6.635367595795552,1.0526459728104756,11353
B,Lagune,Non,21.71397639885498,34.75846947415828,8.14818660617185,6.855048100066979,0.9169465616151624,10767
J,Côtier,Oui,22.326149309769583,35.073396505992775,8.154726479737796,6.146587739787086,1.2437068084821892,13895
B,Lagune,Non,23.305101596033133,35.806110314127714,8.154888383531736,7.000167233465341,1.4018943577191938,18874
J,Lagune,Oui,22.743522831958906,35.44841965793277,8.07450442064463,6.956971586513678,1.0310117122813007,13454
D,Lagune,Non,22.225628357715365,34.86573467604708,8.08745457399971,6.720686599173724,0.9001968079083197,17329
H,Côtier,Non,22.54744150369934,34.55440388729236,8.132787952415935,7.034539672631318,1.181631047133009,11790
G,Côtier,Non,25.605123377857414,33.92409229933535,8.108589300629333,6.003013037696668,1.1825129342445637,19669
I,Côtier,Non,21.91357180444962,34.64042334037879,7.878069962725246,6.342665559121205,1.3096639255108997,10885
H,Lagune,Oui,22.30164857007245,34.894434880586154,8.07702003694248,6.279408961795414,1.3899189142728976,17734
E,Côtier,Oui,23.575981594011417,34.50641023642441,8.014859356573968,6.716443797127203,1.1881169637455011,13906
B,Côtier,Non,23.658288899436975,34.93437151645385,8.117521141890851,6.184957778119356,1.5711006629588526,14492
E,Lagune,Non,23.78054545834057,35.03842594147938,8.39852590026034,6.727248544801245,1.2448469489070584,19730
H,Océanique,Non,22.958095333043776,34.88757200909596,8.13674816654743,6.911160843199014,1.13071469879862,12073
J,Lagune,Oui,20.285492630904276,34.67499870958827,8.06864703138276,6.7085608700252,0.8776865281794344,10312
I,Côtier,Oui,24.450147298451643,35.08432733598336,8.192180150197725,6.58512530709845,1.1474680959367665,16269
I,Lagune,Oui,20.28048191047197,35.2209703247847,8.148268788720921,6.203637997729775,1.1327226109177726,15317
A,Océanique,Oui,22.45395319785855,34.45480046127858,8.142009449045183,6.245944710162391,1.392060959256294,10810
I,Lagune,Non,20.86858622497096,35.705466189873135,8.160685059321567,6.874885671589,1.2924967248133707,16841
G,Côtier,Non,21.90379248011051,34.95070593385787,8.305654356482954,6.7338047011716,0.9641261756734765,12032
I,Océanique,Non,22.49314361545522,35.00942481147242,7.986911156467408,6.488294144186737,1.2344508772822074,19699
H,Côtier,Oui,22.48203582317541,35.35410721162828,8.147363207681146,6.374627136270233,1.3343062343458105,17129
A,Océanique,Oui,22.632881131352928,35.11660806563175,8.007361887001846,5.892257638066587,1.5056062718775665,12705
H,Océanique,Oui,24.42056690358797,35.47656831695662,8.155551264634225,6.178744274394669,1.3775007934828118,18788
H,Lagune,Non,22.68030145227097,35.143562082600916,8.008131348851391,7.073425726141917,1.3521693308622955,12147
C,Lagune,Non,21.633765047064028,34.69378131267978,8.058263318639492,6.11586332869926,1.2120171989230326,10615
A,Côtier,Oui,23.446130752432538,35.18075176260305,8.070491008576209,6.556843946366325,1.27766240108469,10947
H,Lagune,Non,23.784205733386962,34.428136896339666,8.19758167193447,6.8022331919585595,1.4499009801412317,15677
C,Lagune,Oui,20.158588277294513,35.054279852888264,8.191845444394241,6.123523199599313,0.93344452050407,14651
C,Océanique,Oui,22.89610010477479,34.98338500467777,7.975428262355361,6.555413142434325,1.1301121345566087,17866
A,Lagune,Non,23.051759113466346,34.89594157136373,8.105493411099985,6.781374661253197,1.0454862502487519,12013
E,Océanique,Oui,21.553654744960014,34.93573124428053,8.029042014525082,6.503749796572175,1.2758306237452248,13697
J,Océanique,Non,24.063560219967428,34.05907547725118,7.9741495089324665,7.360520916700031,1.4460444351301576,10490
G,Océanique,Oui,21.77491661945121,34.72563754612952,8.078298294957563,5.999420222336542,1.0806051426557852,14350
J,Côtier,Non,22.188364680207314,35.04642245057056,8.069151721154418,6.8176185589651634,0.7219391265061124,12428
I,Côtier,Non,21.740392263574197,35.0799281959987,8.342671648634552,6.4481594787810605,1.117555850995106,14987
G,Côtier,Non,22.023368571372202,34.48616242953702,8.143295982536069,6.731576046451003,1.3826947464034813,18733
I,Océanique,Oui,20.355587369657197,35.63285392043235,7.962238249924576,6.632392145509773,1.307525980589976,19479
H,Côtier,Oui,19.83992367610856,34.56691257589275,8.043522599582905,6.280053140867001,1.2856372495621151,19825
B,Côtier,Non,24.391757594837458,35.48472860026337,8.20213832954294,6.568698917737802,1.144001339625104,14920
A,Lagune,Non,20.729557977522507,35.21359718093584,8.308844277286992,5.942629564580514,0.9441938527560427,12926
G,Côtier,Oui,20.51291147581554,34.676886345078096,7.941401668776204,6.680974250171418,1.3030588643248935,19544
G,Côtier,Oui,18.769914829594427,35.887655446304755,7.912007561486095,6.589447539797158,1.033143637993075,17282
H,Océanique,Oui,21.041557378465747,34.40318158412176,8.287096517537178,6.691598050592931,1.6368193466760912,14376
E,Océanique,Non,20.015365309888754,35.459577086805,8.13896141773709,6.817435497526145,1.3141014416709031,19490
C,Océanique,Oui,24.463022740204554,35.50029115902149,8.013170726812364,6.610285952062913,1.0838703394892097,14868
H,Océanique,Oui,23.514725634013953,34.66468989546168,8.153462908612243,6.544426825939483,1.0777229505222743,16986
F,Océanique,Non,20.967774482233416,35.696232650032165,7.836425226098312,6.235679499001613,1.1814111586772822,16862
C,Océanique,Oui,25.378653708016465,34.874976742700525,8.100337550659717,6.2863337709052844,1.15209961559565,14423
A,Côtier,Oui,23.47264823048739,35.14434681463993,8.132782117284307,6.856020386053199,1.4233667551059908,16870
C,Océanique,Oui,21.512752924737065,35.13016091938561,8.192427013953782,6.930900621711793,1.2372832339488091,18159
E,Océanique,Non,18.25089142768964,34.932845629264726,7.998610404770746,6.428566869106384,1.0536736522182943,12073
C,Lagune,Non,25.436413858886112,35.40540413657989,8.108568716140336,6.513800824175982,1.5780881370311566,16170
A,Côtier,Non,19.915641299854606,35.39674436027611,8.00745753739404,6.22861568750187,1.2098616663040445,10701
E,Côtier,Non,19.531901879564664,34.12573401338091,8.125538375567432,6.851827053580234,1.3537679351937792,18113
J,Côtier,Non,23.53385564801446,35.65217012143908,8.010465367763697,6.699625047107533,1.0783546985110481,16825
G,Océanique,Non,25.65962860950891,34.168754005982166,8.059189916083978,7.082365230939125,1.2726231255489047,17867
G,Océanique,Non,24.076409227765776,35.51627310217083,8.000418460520978,6.236503076846079,1.262221998228639,14264
I,Océanique,Oui,22.84586368007854,35.56335256841379,8.165113624182366,6.386597630294535,0.8220701415807694,17968
J,Lagune,Oui,22.89213151249793,34.4545167848924,8.185845111665666,6.569433776757672,1.603055022092128,18146
J,Océanique,Non,23.280123338170462,34.79459285602271,8.076537943004258,6.693946861317731,1.4581288921845095,17776
C,Lagune,Oui,23.138392884680147,34.44714766575703,8.103823799496002,6.435299708735711,1.1205609367708025,18558
G,Côtier,Oui,22.421787135954062,34.89253948485563,7.955140858536645,6.23811167286389,0.9795460519088288,18719
A,Océanique,Non,22.156301655927813,34.84598285790713,8.07003233519932,6.7644222586770715,1.2695123227607104,14886
D,Lagune,Oui,21.906110308150716,35.38983026613467,8.094979538295824,6.716340608763675,1.2173395398828792,13935
D,Lagune,Oui,20.869053116699984,35.6551543730598,8.362079309102997,6.225117769830883,1.2711337897126458,14619
E,Océanique,Oui,21.57898738469984,35.69784190539498,7.988803297422583,6.906632840331649,1.2383154792388178,15191
G,Côtier,Oui,19.46056477870692,34.71891598671085,8.246417723875243,6.851059612758981,1.3012481978611852,16875
G,Côtier,Oui,21.852490559807876,34.89538906312774,8.19968587734658,6.540288949174338,1.4894611398783613,17856
D,Côtier,Non,20.517113339273624,34.158280903889526,8.128063640449014,6.5238793587128106,1.3136206410257292,15401
G,Lagune,Non,20.344616024176343,34.59706496675191,8.275862048419514,6.666217331334773,0.9900689002180117,13022
C,Lagune,Non,22.269841226730218,35.48242581654873,8.137210547260686,6.241489078923123,1.4725125705424904,15738
F,Lagune,Oui,24.0880034295169,35.80779141177412,8.138915919566793,6.509009443749225,1.5281229126976574,15984
B,Lagune,Non,23.37747490900347,34.38282556406004,8.094687934698245,5.854284936617246,1.830411346902417,11770
J,Côtier,Oui,19.644249094565236,34.703767870423555,8.222356888241862,6.762936693650881,0.9753011933520803,19969
I,Océanique,Oui,20.515557795144495,34.98679712152054,8.209646923381088,6.031552033267443,1.248576402630055,18989
E,Lagune,Oui,23.411156781982324,35.140080579409805,8.037432271250378,6.9510259485287,0.7835802593622025,13215
F,Lagune,Oui,20.526268909692536,34.595198240039174,7.9680752805401225,6.400963971810065,1.3106298312758418,16694
D,Côtier,Non,21.663050275004462,35.21203052223205,8.079701936260435,6.436499905420647,1.0903599403666455,12976
J,Océanique,Non,22.82507814853683,34.76308032646454,8.019996143560235,6.311679828174649,1.5846891589649905,13737
G,Océanique,Oui,20.547483317704547,34.99277386456086,8.093647542538465,6.413588337823377,1.0450770059962835,19903
I,Côtier,Non,22.158063259218938,35.27314212400185,8.223743813468413,6.925559403544411,0.8621633924065476,10752
G,Côtier,Oui,19.998961757622695,35.00321113490547,8.05426983449132,5.753657403039476,1.105747251859496,11392
A,Océanique,Non,21.09794853407318,34.78180705473672,8.095717661868843,6.8830896158264565,0.8049024457565724,16789
A,Lagune,Non,22.479672901213807,34.94519509803708,8.105802273480839,6.601407044330513,1.350219890901462,10677
I,Océanique,Oui,19.610509399702497,34.95581852039733,8.184843088220529,6.137893505642835,0.7869833907487358,10105
I,Côtier,Non,22.660712106940597,34.81499448505894,7.875311066601539,6.1774062820852285,1.2056915162366317,14753
D,Lagune,Oui,21.97054330160998,34.87060196866645,8.03932997052347,7.002917908162461,0.7844376360287606,11946
I,Lagune,Non,22.82873493162572,35.79932358525236,8.121128369227947,6.216347936017181,1.1359404390926715,15544
C,Côtier,Oui,22.335871201096992,35.28045972397062,8.220007895642686,6.153994846821212,1.5286756311609069,11095
G,Côtier,Oui,24.046210644960766,34.85225984098542,8.050809755249379,6.841194362709419,1.272129578287159,16985
F,Côtier,Non,22.18783675397186,35.34847720225537,7.912344729395812,6.601565862885774,1.027301279007013,11782
H,Océanique,Non,21.35589168831212,34.833090255121995,8.161971144596613,6.21862232703908,1.193759302212183,14541
I,Océanique,Oui,22.183446254548425,35.58656231879332,8.036463761117437,6.564987492621386,1.2036033744088892,13257
E,Lagune,Non,22.814947043554582,35.18482109609905,7.981033334090964,6.192274194907917,1.294526069168681,16213
A,Côtier,Non,22.073290105488557,34.94634892799789,8.037565461028677,6.830246419526781,0.9266283273438347,14869
C,Lagune,Oui,22.060887536805822,35.22385846290514,8.081547464234415,6.81841128946194,1.3185134547694661,11561
J,Lagune,Oui,20.947012468289866,34.21456192396575,8.039525533546179,6.659601859646583,0.6591216736794449,14006
H,Lagune,Non,21.00564862367358,34.4366162655451,7.879443394290092,6.608498318374105,1.0740230895272378,19867
F,Lagune,Oui,19.89609209230046,34.40303749680047,8.189706619688712,7.0283564374602125,1.102345231509691,19314
H,Côtier,Oui,24.62436511478041,35.071471547381854,8.227487504127872,6.4999058982164675,1.3266653652142477,13981
I,Lagune,Oui,20.13420514691307,35.866257499742545,8.165152199133951,6.14543776237376,1.2045261705353738,19493
D,Côtier,Non,20.96064220330614,36.11565007309632,7.986231432957518,6.634842173849692,0.9188873892287426,15682
A,Côtier,Non,20.922389101646203,35.319025550720376,8.079850846605249,7.125814114861134,1.003001374836597,15782
A,Océanique,Oui,23.34238656541666,35.25042223747223,8.099347868477054,6.195572152044244,1.2397360019094814,10943
J,Côtier,Non,21.55757548256196,34.09947113292363,8.15987943895619,6.391561169991804,1.1841865316270888,14550
D,Océanique,Oui,23.8716131090106,34.72866310013299,8.166834048871808,6.624933811430436,1.0841751780728506,19137
G,Côtier,Non,20.989764063634198,34.60610812404588,8.02658262012215,6.4838285452982785,1.103833242097604,10600
B,Côtier,Oui,22.4184912433357,34.68957620087444,8.108199555641356,6.205308925886806,1.3392335994318578,16376
C,Côtier,Oui,20.746979420110364,34.9159280907076,8.145728040461524,6.836557356869141,1.096461485426157,19609
A,Océanique,Non,25.217723691660083,34.763954711151435,8.245582232214677,7.196012216605178,1.1823817511941852,11524
E,Océanique,Oui,20.21860237145573,34.010350094812104,8.170450653982472,6.558839437707173,1.6339873176161086,13766
A,Lagune,Non,22.46473106534054,35.37395512805877,8.178905668737551,6.2287795130792,0.9152634726232154,10250
H,Océanique,Non,22.950665321398148,34.463628487130094,8.108382662792936,6.035311842483957,0.8296314536850682,19736
A,Océanique,Oui,22.620698646177246,35.119623432055576,8.24104591452035,6.577392794366355,1.3567179329597212,10078
A,Océanique,Oui,21.72206851168344,36.037041334874985,8.14097627959595,6.831163202994877,1.0642713877411794,13123
B,Océanique,Non,21.80526895039986,34.54030770420679,8.013891208982642,6.6425503239486146,1.1363524944514758,19089
B,Lagune,Oui,22.065717207968664,33.73485623862683,8.240336997012518,6.4992788477243435,1.043768724373777,17064
F,Océanique,Oui,21.779496997557267,34.85699788905995,8.169790327253903,6.323218504463208,1.1480399718464975,18417
G,Côtier,Oui,23.445818675192363,35.55047981749929,8.055695597887151,6.172350910184573,1.5197076224192683,11209
E,Côtier,Oui,25.315784502387025,35.9791737271103,8.052050703260075,6.750425397897464,1.360425691723624,15153
A,Océanique,Oui,21.16376232248825,34.38522520277379,8.129657554514075,6.774131486415675,1.3724447023773954,14898
A,Océanique,Non,19.945295530631384,35.24834961161826,8.146318479526759,6.03628106399278,0.9167545888414708,12178
C,Côtier,Non,21.867576927473117,34.76734477160997,8.11972922656312,6.976951693454205,0.9697692526894262,17610
B,Côtier,Oui,25.86956400648148,34.947025822847934,8.131130867344288,6.6722213662682,0.6321842681029145,18895
E,Lagune,Oui,20.794488148045403,36.32217167350852,8.269995737457638,6.919878393543738,1.0381238357834492,12544
J,Côtier,Oui,24.458675208166103,34.248514835802425,8.207154315223487,6.097361675454465,1.3913406372771315,15522
F,Côtier,Non,24.51655122111466,35.12686983074729,8.119063559126502,6.090252753375369,1.3033893031496742,12370
G,Océanique,Oui,21.16961763743801,35.233846585882716,8.194131058076747,6.455309207069811,1.155697347409575,13281
D,Côtier,Non,22.853474618777913,35.542893162469674,7.996747609647246,6.650835328068558,1.1955399432563893,14710
G,Lagune,Non,24.442594934692806,35.048991576735446,8.139792704994681,7.038908246878089,1.0622228914849188,10328
H,Côtier,Non,21.43130838851877,35.154025269752054,8.280930634973311,6.711823674144539,1.2409517764803568,15579
A,Océanique,Oui,21.694629459846457,34.8041757162891,8.078195410460761,6.42719561695639,1.353175655896123,14228
F,Océanique,Non,21.127478629077036,35.13456347062255,8.01523660713809,6.192089237700232,0.8768226425179053,16794
H,Côtier,Oui,20.4778649039607,34.82840386225129,8.034791111140693,6.869000171815745,1.2599295375674695,10120
E,Océanique,Non,21.02608368240099,35.31078594492803,7.991036696265761,6.210588372274786,1.3864869741909334,16749
D,Lagune,Oui,20.164089599856617,34.81519483197818,8.02152380918723,6.988540566431697,1.116979942207326,10964
B,Lagune,Non,22.05112520238884,35.18855019695109,8.062949190140996,6.4146846051180475,1.3401401224241167,14224
F,Côtier,Oui,20.845040153412036,34.98536859315751,7.959443298082135,6.977174621785355,1.7629308888945106,13675
F,Côtier,Non,22.35067886768612,35.56302512538608,8.10156183339496,6.703679387017783,1.1791314414026215,15694
A,Côtier,Oui,19.666156530694558,34.974303138205755,8.190227717378665,6.4589013531672625,1.2786614100010647,12076
I,Océanique,Oui,22.496320348321685,34.11348376589656,8.009224381985307,6.344181088452162,1.0523885832677216,16865
F,Lagune,Oui,23.250293442413387,35.630960750357,8.251928392364176,6.397727636796176,1.23625023252041,15643
C,Lagune,Oui,19.009396536142816,34.54713384956869,8.151079208852758,6.628495007712571,1.2920543249964607,18524
D,Océanique,Non,22.56108485477136,34.67311683067559,8.203058058562405,6.523146948865315,1.2389684680540276,15249
D,Lagune,Non,23.84150348870994,34.70216935297825,8.034216544614786,6.321856577579388,0.9960609360582287,11316
C,Côtier,Oui,20.18553847196319,35.68721904658541,8.185452522706662,6.450310576904711,1.24127235426509,11196
J,Côtier,Non,24.508858580256554,33.932162893010656,7.990806609960468,6.523573108915745,1.4924391877435275,13170
C,Côtier,Oui,22.62852851404907,36.568874266829994,8.18902475008365,5.861379771675557,1.2897271529029055,19621
C,Lagune,Oui,20.942482216362386,35.528028404533025,8.117183933979353,6.63745043443661,1.3923974378143682,10355
D,Côtier,Non,21.916346383513442,35.11161945706458,8.155325121998478,6.206083632584958,1.1525976059974745,19718
G,Océanique,Oui,22.837490368782582,34.97255299969186,7.982440539437515,6.154000279038277,1.3499800478847421,10028
D,Océanique,Oui,22.114008087118616,35.14277703742883,8.010493015772338,5.993796695866787,1.2558535676433051,11013
I,Lagune,Non,22.808133988669553,35.26056121418967,8.159722821825339,5.961832250639633,1.0098178540625535,19019
A,Océanique,Oui,20.61898961038095,35.32260779297503,8.00516519957758,6.093365749066313,1.2637042009597748,12024
H,Océanique,Oui,22.254041236054118,35.27780223300172,8.146320629209912,6.287293712710853,1.001660667311938,18490
G,Lagune,Oui,19.87942825464253,35.04479034062762,7.963286219353975,7.08597774125797,1.0734239450230416,15839
B,Côtier,Oui,21.83316090797695,34.901330789846334,8.184817421266667,6.342236097231439,1.2378656614584749,15791
H,Côtier,Non,20.644138537802817,34.924363358173245,7.976747668523148,6.5533250318804095,1.2594488546760247,10754
A,Côtier,Non,20.89670508611535,34.90254585982366,8.155229993767952,6.6201444159518985,0.9621535069845741,18961
I,Lagune,Non,23.854139762815656,35.566885048433534,8.1625630933646,6.539319555864755,1.4107971542365751,13735
I,Océanique,Oui,23.636965180891405,35.29677836114043,8.030322818157043,6.476766961782202,1.3144012556600946,11238
B,Côtier,Oui,22.913707181360767,33.52980568266786,8.158202656708472,6.141411870920226,1.0590543128778231,11906
G,Côtier,Non,20.36153085299113,35.32795038826488,8.126044226333356,6.935278264483763,0.8924830407101649,17399
J,Lagune,Oui,21.525387325457796,35.097368097359386,8.046115814380725,7.042158993091365,1.1710190841837136,17961
C,Côtier,Oui,23.819646549968773,34.99064562177705,7.999144531592379,5.995202391763194,1.110811257227768,19756
G,Lagune,Oui,22.212575370459856,34.805740773455554,7.9037374308327415,6.192791422734087,1.2226280914106045,19410
J,Océanique,Oui,25.478994309972542,35.56205635999301,8.134965004729969,6.416056897286898,1.1273766677688866,14601
I,Lagune,Non,22.58997675909156,35.473763231061426,7.943519722863794,6.210638661526943,0.798508627850998,19549
D,Lagune,Non,22.28807367473505,34.613561166088196,8.109534419944131,6.65178966603676,1.1223306123397683,11460
A,Lagune,Non,21.53632530369625,35.203526143562264,8.073655178391775,6.2815183392780165,1.1388761777863374,17669
B,Lagune,Oui,22.200311357173423,34.51417163272936,8.167914277543819,7.14951682034198,1.3267322049548116,11416
A,Océanique,Non,21.771295245429183,34.31019091760553,8.069795450051013,6.857164578303079,1.06036006507779,17766
E,Océanique,Non,23.062163015032887,34.686641387705016,8.06705522136529,6.563772209189665,1.5357349346745133,11428
E,Côtier,Oui,23.435053475191875,35.43119673619138,8.17318707042883,6.808095878995919,0.8176718898696484,14378
G,Océanique,Oui,20.821015809238077,35.47656252268804,8.133505802908411,6.831770127307193,1.4622334995605248,17529
I,Océanique,Non,20.003150569663333,35.25654271004865,8.131615595718278,6.330815753582527,1.155136205824379,14474
I,Côtier,Non,19.245691940345054,35.362547893424,8.146926758980852,6.255134826637411,1.3719169744687112,13071
C,Océanique,Non,22.761986990368815,35.25808914355748,7.946442787679289,6.523442918890894,1.2159602968117467,10555
C,Lagune,Non,20.34495009073919,34.67925920238852,8.175678867998698,6.758490837349383,1.4279111072050938,18547
C,Lagune,Oui,18.770664110571275,35.21596127233697,8.161246879401359,6.541718119596025,1.1225276070894377,11563
D,Côtier,Non,22.582867906796444,35.40020476261384,7.9983316871423495,6.026901055342701,0.9802759149644376,11040
H,Côtier,Non,25.739499276149186,35.377145664906784,8.07559195263258,6.259152666814748,1.4841008574542127,12686
F,Côtier,Oui,21.99089363269016,35.59445668573732,8.096069271237237,6.477808140921686,1.1773038708235717,12553
H,Lagune,Non,23.257736161677464,35.35415192360053,8.086550321559827,6.477300318702251,1.244311694724842,11779
A,Océanique,Oui,22.12274403782135,35.17572410377079,8.133385996656854,7.091762653036943,1.446950382808959,10075
H,Lagune,Oui,21.851665520213285,35.535075119158215,8.243136678183118,6.0842036172803,0.993608951581113,14326
D,Côtier,Oui,23.378614724481654,34.98673937037547,8.208176672767282,6.651676772550762,1.3190981795278514,15835
A,Océanique,Non,21.564588183717024,34.55906267438614,7.968778080656859,6.9467339324984865,1.0820210487074218,15057
H,Océanique,Non,22.401088471107855,34.91846651802812,8.162206999030605,7.181434923626838,1.1735661288711257,12349
D,Lagune,Oui,22.48254670929402,34.62754867759678,8.232893331953541,6.378680773044811,1.2144557930768578,12773
F,Côtier,Non,20.997864319535427,34.66241086251281,8.13868085206892,6.64742883581606,0.8999556277106127,12262
H,Lagune,Non,23.488063524304785,34.92774066464224,8.209098042518596,6.670928107159594,1.044232591435913,13229
D,Océanique,Oui,21.737560364956888,34.60379003950002,8.301227044570076,6.558644519465987,1.470214578482628,10392
C,Lagune,Oui,20.866382260760734,34.84601923518048,8.202370954610698,6.470346439628208,1.3772382377169592,11108
I,Lagune,Non,22.804764765355607,34.05319266652311,8.124930859564172,6.630792616850014,1.187472084534553,14362
C,Côtier,Oui,20.652298027313442,35.10664685368647,8.204508847408475,5.740326174434094,1.2486246917025785,15188
I,Côtier,Non,22.042271736053692,35.00060273768111,8.114488783309689,6.70462084701879,1.1411514988727085,18802
B,Océanique,Non,21.986321505033693,34.591455684465906,8.102390304328495,6.53785337109859,1.4713166771655963,15057
B,Lagune,Non,23.628843348747367,35.3296228342162,8.064858576428627,6.433257530966521,1.1599294844411672,13998
B,Lagune,Non,22.712047349319928,35.46878506881328,8.25634133588321,7.114058658715868,1.2463684184269697,18864
F,Lagune,Oui,21.962459561882284,34.19622006781551,8.018157133405799,6.2975197943628345,1.429206028828413,16566
C,Océanique,Oui,23.22664944880043,34.618637610716895,8.253236772467812,6.379077203280491,1.0445257030308186,13677
I,Océanique,Oui,24.08531132352597,34.61542882510635,8.149986412374037,7.09746599066142,1.5117578368993787,15796
D,Côtier,Oui,22.83671545952779,34.530048449445566,7.960069382519806,6.250381608545043,0.8939077180513246,16363
A,Côtier,Non,22.015528929765072,35.41473742096587,8.136764929299142,6.334965415119038,1.5259284262225596,18123
D,Côtier,Non,20.03224565147476,34.9030869306136,7.889997349234838,6.455892372970745,1.125464883209605,18222
A,Lagune,Oui,20.40232950538694,34.86774257934469,8.162550801683103,6.7522203446388644,1.1514602504349436,17690
E,Lagune,Non,21.542162943468,33.99806881779662,8.188523148298898,6.562340752205994,0.8219979657634113,11400
D,Côtier,Non,21.085731696761076,35.31770901510461,8.040764404434794,6.112212395854321,1.1090410565244613,14071
H,Lagune,Non,21.71954304552183,34.38037080257326,8.112354769595559,6.340349431061843,0.9920386937946231,18808
H,Côtier,Oui,22.08497488734566,35.029966315133166,8.295415743375028,6.317793670036337,1.0784707309253054,12786
G,Océanique,Oui,22.794539131535096,35.1386884689791,8.049425329573806,6.476833686433086,1.172537806842224,17169
C,Côtier,Oui,21.894251832911362,35.68032929791933,7.99410924129434,6.627753097588949,1.3915583228945811,10870
A,Océanique,Non,22.729752465739303,34.34558980044044,8.248166340246259,6.625461726766392,1.2415206702801251,14196
A,Lagune,Oui,22.09671162221518,33.49024392208959,8.296258719053078,5.96719647378548,1.2615353306802226,19604
C,Côtier,Oui,19.036800150469194,35.09192477237685,8.100369567184785,6.819182296268257,0.9808961222308875,12739
F,Lagune,Oui,20.59099690927187,35.90025559075543,8.201146303540835,6.575770653798987,1.023849182079454,10940
G,Océanique,Oui,21.783868666417575,35.61947317646972,8.234147591553088,6.915359614278172,1.5597450036702623,10340
F,Océanique,Oui,20.185457885738337,35.104829707637315,8.025751576746162,6.6332594981872015,1.0529597930473507,17422
F,Océanique,Oui,22.899893094994308,34.75418190718398,8.051469416463213,6.830396887320728,1.531241650411459,14133
F,Lagune,Non,24.296126248515545,35.40356129831866,8.223087451315473,6.639963593435038,1.1513877602238267,10659
C,Lagune,Non,23.828142777545974,34.513226900147764,8.26850142787085,6.903867726860825,1.2004575872287007,19752
F,Lagune,Oui,21.679835693604687,35.238178884678106,8.156288086017435,6.656675190805333,1.414073032045986,13457
H,Lagune,Oui,24.23608920527493,35.25273507958331,8.012018564649795,6.470625426067129,1.4543784843877312,19848
B,Océanique,Non,22.223001185803167,35.530104953749436,8.298706111169944,7.181730416134064,1.1778374879441824,12975
E,Océanique,Non,21.494371043322943,36.37983001945554,8.046902910218803,6.766711136683968,1.1223513892956922,19241
A,Côtier,Oui,21.07989600468859,35.19620798358938,8.066486221882855,6.672123326301324,1.1888159102955573,10453
A,Côtier,Oui,21.546295470267808,34.74551818714625,8.134233783448963,6.117108675038499,1.2675915056464235,19896
E,Lagune,Oui,21.417734772188158,34.987212843904004,8.255416042071477,6.113507714760939,1.378260737373951,18184
C,Océanique,Oui,22.255624333563233,34.11546204755544,8.185397597655221,6.587814644642556,1.2008459717988302,15442
D,Océanique,Non,22.240860971574797,34.65264343445547,8.141486550036191,6.543656359330472,1.3237772596046307,10818
C,Océanique,Oui,22.004569030230122,34.795358780943445,8.146328853011811,6.315763230497505,1.5276719464541881,14868
A,Côtier,Oui,22.655407254619526,34.737955801032705,8.104351466864346,6.542294809883618,1.276261922452957,10012
A,Côtier,Oui,23.78596941217951,35.07617743601686,8.15581395145185,6.976588078413078,1.2623305712009556,17727
E,Océanique,Oui,23.424331203161984,34.5887900338089,7.847043992230569,6.708620742365089,0.8962178349819864,10920
F,Océanique,Non,19.772653047325143,35.56051533366224,8.07033925409302,6.157697447074178,0.6738539726341872,14920
C,Océanique,Non,18.169118297647067,35.0001035324591,8.124132193491677,6.466547351857117,1.2776751458460336,12418
I,Côtier,Non,23.40147986685891,34.995349839430695,7.984898591638049,6.258510055744232,1.1810351537438255,19506
E,Océanique,Oui,19.949681952376867,34.83605264174354,8.138632331781155,6.383690025077431,1.0970434650170515,16475
H,Océanique,Oui,21.662851897160976,35.07759534192949,8.079552877901387,6.3759153003111075,1.248706040837269,12017
A,Lagune,Non,20.24483046091096,35.412549132333815,8.275547569831549,6.3567063252187985,1.1879192541606183,17957
E,Lagune,Oui,19.29702934362997,34.56643489214455,8.257301972521486,6.123459388407982,1.4255560501267797,19420
C,Côtier,Oui,22.81219409230718,34.67094175546237,8.053419443088183,6.4617035955445425,1.2172221736517956,14792
A,Océanique,Non,23.13873274045397,34.84813698561167,8.08491622884333,6.331817708945807,1.0506153429859664,16830
D,Océanique,Non,21.135234398909923,34.32706453826339,8.092605243439161,5.62116539299932,1.3980332477918578,12434
E,Lagune,Non,18.113436561782635,34.59037107013925,8.054834052384038,7.115891607350499,1.1565737850107594,12868
G,Côtier,Non,21.180633327621276,34.76188956322767,8.119502498402813,6.8266308962650015,1.3053073367344614,11438
A,Lagune,Oui,22.58770600810382,35.43719459035636,8.02417179311124,6.387109782522502,1.10451785876144,13543
C,Lagune,Oui,19.78163264683881,35.13128066450096,7.986938466506247,6.50564571492218,1.0700346229005127,11781
B,Lagune,Non,22.275039879668732,35.09679495568377,8.162271122390026,6.148503695804732,1.2168336460371392,16343
I,Lagune,Oui,21.977035226240506,35.42544898108399,8.162952958422181,7.00871686334326,1.202565728708737,12263
J,Océanique,Non,22.868937249401633,34.931314105800304,8.019568424034,7.0691866084319335,1.2959654070733666,10211
F,Océanique,Non,22.17937055262123,35.195232424964445,8.189535543076259,6.547008118473958,1.1462708493380513,18699
J,Lagune,Oui,20.540396588677666,34.94838912353375,8.036842227083467,6.807059193255603,0.8327280432459205,16159
C,Côtier,Non,23.794857252496737,35.13268117469981,8.125316523803798,6.552586033680178,1.1134452232823222,17027
H,Côtier,Oui,21.762205640459545,34.70862067119421,8.182034401261244,6.098982368337221,1.358763693428763,10331
H,Côtier,Oui,21.959043190735102,33.78059142086178,8.096638743529628,6.376452989310903,1.1405247841513786,16860
B,Côtier,Oui,20.600098061390206,34.93286041890685,8.145474091214114,6.539578390031587,1.1507233194970903,18044
F,Lagune,Oui,21.335076623212736,35.71137406804997,8.048357035611243,6.363635684376967,1.3972753011811874,18169
G,Océanique,Non,20.672795928959648,35.4631077011208,8.08035334165719,6.43440401676949,1.0576053545482154,18742
B,Côtier,Oui,21.740580910114865,35.48269874229558,8.079414056911965,6.472580132747265,0.89143935635142,15720
J,Lagune,Non,24.567562720213516,35.61806536090311,8.025342165345975,6.475736450640362,1.1678737760949012,19133
B,Côtier,Non,19.942148285602965,35.044328795480716,8.082322583688422,6.515677547149245,1.1031652097502525,10727
J,Côtier,Non,19.579657903184888,35.0986578537028,7.9451381701136246,6.18181848008102,1.006750736049349,14975
A,Lagune,Non,24.206755491240415,34.691174052282825,8.05088462528579,6.284895155261619,1.1649243088202619,13243
H,Océanique,Oui,21.6860144842722,34.841963571986476,8.071512450663032,6.114624720290009,1.2983011294493567,10648
A,Océanique,Oui,20.996390892010126,35.30788557488557,8.074382024750461,6.79334466490586,1.1981422876864367,15095
I,Lagune,Non,23.559857031094115,35.601942218584405,8.075850255412922,5.868305917447903,1.2613962145372475,16614
F,Océanique,Non,21.091576690394703,34.9302768621595,8.093823580013987,6.8460771029950775,1.5626815397030847,17135
G,Lagune,Oui,24.739014570320403,34.77490536757429,8.147944151808606,6.915904819178853,1.1314242276884872,11009
J,Lagune,Non,23.016888807008904,35.0002639794283,8.187451707413253,6.4093458239052135,1.2556697269289339,11550
G,Lagune,Oui,21.268132887781444,35.30060337446456,8.035023477315173,5.719058873651811,1.098157327480173,18995
J,Océanique,Non,25.235962319898256,34.27807259193323,7.9796799144610855,6.3916068314098125,1.0307280560226053,17492
C,Lagune,Oui,21.091427615494993,33.85190952343138,7.995795558775689,6.480744751613354,1.083018469316446,13401
B,Côtier,Non,23.11314305801396,34.72473157525421,8.051279707880507,6.196820534021326,1.1042482856956624,17447
I,Océanique,Non,22.448938870609737,34.38964378704292,8.064807868218349,6.345434481857527,1.271895159509425,15424
H,Océanique,Oui,23.952611934098197,34.745929901176346,8.023000393380254,6.959058559659005,1.6698151573401514,14241
J,Océanique,Non,24.34226679509028,34.926109840591266,7.97038833357501,6.699478148690522,1.0567913127448318,13161
G,Océanique,Non,22.04800622359865,34.77337579548849,8.054387917252582,6.22263076568657,1.1166749388769075,14155
I,Côtier,Oui,20.869873194480725,35.72623376723537,8.118142662011397,6.0207202491213705,1.1873753973777503,17478
D,Océanique,Non,22.689958214408676,35.16337238230116,8.159502946583556,6.4018948047170685,1.2791597697419494,18719
D,Océanique,Oui,20.98342694537184,35.150237179805416,8.044257694689168,6.435962966194869,1.252710162390957,19215
A,Lagune,Oui,25.020080871289935,35.3111035720217,8.058700217785656,6.648859756208995,1.4568191587896235,16617
H,Océanique,Non,22.204802996624107,34.43058344110962,8.007330169115269,6.339404986229702,0.7147215858929583,15660
C,Côtier,Non,21.452017673031836,35.519555893710134,8.096856082962521,6.653449872608558,0.7226140259608653,18624
G,Côtier,Non,22.277020458797363,34.96211785673227,8.015157136580918,7.080546212018069,1.1008243655979701,11176
B,Côtier,Non,19.979310565705454,35.335240308620605,8.15731278132412,6.744650306733279,1.4194600375087418,17956
B,Côtier,Non,20.542578942234023,34.464071383479926,7.9214133508065885,6.4855734478007685,0.8868703936788807,18592
G,Océanique,Non,23.800620861916638,34.22312061699197,8.064037032754753,6.445054858684012,0.5984735320612484,12233
F,Océanique,Non,21.014658581542907,35.40894482901251,8.130110733919174,6.392998059746039,1.3142358812438417,14700
C,Côtier,Oui,20.429633525977092,35.18820476304876,8.11838345163225,6.854192273735643,1.2487314447405429,15906
I,Côtier,Non,22.80497912879093,34.54897422282124,8.36930336639805,6.311805966214609,0.981958318640114,17860
J,Océanique,Oui,23.778556231994497,34.56516845936265,8.13498000245679,6.513566812699994,1.002892079855814,17526
F,Côtier,Non,23.0784299659976,35.56271739220738,7.999594540315798,6.515359370564326,1.006051256073065,15559
J,Lagune,Non,23.494071528708723,34.40529405356634,8.090453575291093,6.34946474215654,1.222107063494788,16732
J,Côtier,Oui,20.864807367145808,35.821336476627984,7.9223753666533545,6.08826033563477,1.0747369447633985,12513
F,Côtier,Non,19.867283999887235,34.54968963267606,8.091940025070324,6.596892351085301,1.2988127837951038,17830
A,Lagune,Non,24.25200047793323,35.319195962804194,8.016694394299924,6.481698808443385,0.6290746674191218,19965
D,Lagune,Oui,21.515980241736795,34.83569076212551,8.191539027556015,6.650072140830971,1.0286296269744402,16944
J,Océanique,Non,21.62375047531743,35.30159371554117,8.045045972540446,6.33991990806825,0.9747892078177899,17910
F,Océanique,Non,23.992291212773587,34.7279429989429,8.088323408420475,6.866246389643914,1.1487318643255016,15649
F,Lagune,Non,22.83434501410099,34.91860354696385,8.036444215859559,6.236967865636447,1.0923904483019722,11096
E,Lagune,Oui,22.68383165812241,35.02045958769786,8.273885135185333,7.013612085205367,1.3595687559791534,19120
A,Océanique,Non,25.247503517351625,34.49890627210927,8.067875723388209,5.975709047051522,0.8281326456679885,11951
H,Côtier,Non,21.034722654429785,35.37041217271006,8.28325570434792,6.630431019367068,1.2090982952661504,19746
E,Lagune,Non,23.391760192121858,34.743393216764204,8.181415176211827,6.642629204757987,1.3116672846423412,19186
E,Océanique,Non,22.085519687345627,34.885700042329994,8.148206672733538,6.261332879617735,1.5713294873123909,17799
G,Côtier,Oui,22.402888418294886,34.50282531269574,8.136873314731751,6.627318181358304,1.103646805781305,18804
D,Lagune,Oui,24.292702639618796,33.718833170602345,8.139379729821625,6.883855600928047,1.2648917208705033,10595
F,Côtier,Non,22.761753634434434,34.904486118699914,7.907232742065439,5.834954348193781,0.8392274414875269,17875
D,Océanique,Non,22.80744411857445,36.206307710806456,8.072111660584923,6.650823442247244,0.7216087591373952,19033
C,Lagune,Oui,23.608761005964702,35.39230214394901,8.184515797118431,5.752018753900977,1.3689548751563398,14439
G,Côtier,Oui,21.452570905685672,34.990369810132805,8.09511028165259,6.210300558943038,1.198887941270386,15972
H,Lagune,Non,20.74118549899149,34.86855458539586,7.959481015319642,6.988749909470283,1.4357025379596846,10858
D,Côtier,Oui,20.43278620896845,35.011232946406025,8.094759554942252,6.325465389982384,0.9253194222060501,15519
B,Océanique,Non,19.050465115935996,35.2735595575876,8.270410551625549,6.147836010677308,1.3039804279057505,17385
J,Océanique,Oui,25.084310694910485,34.40959359234558,8.224689171553472,6.440618681304596,1.5737635681087707,18636
C,Lagune,Oui,20.345187451417477,35.55716084733444,8.093799599063397,7.120371901449065,1.2839411216714531,19980
A,Côtier,Oui,21.668119564621342,35.357690657720624,8.195144927705808,5.950495325838192,1.2553163011182098,14317
H,Lagune,Oui,21.584780050166618,35.35909286285397,8.063349297963194,6.184607026508196,1.20171121616487,13454
C,Lagune,Non,22.46111004671365,35.219237869404864,7.9296128413173275,6.9492295049538875,0.8858237085748175,11030
J,Côtier,Oui,23.223605818808945,35.009808328846994,8.007553401187044,7.05731070306132,1.4711145871420697,19487
G,Côtier,Oui,23.290710232539617,35.33643061798341,8.25628887685082,6.468970632712915,1.0778284720389868,17906
J,Côtier,Non,21.125383842146594,35.29590706687069,8.072600691817069,6.128284189242008,1.3008966512766034,11447
E,Océanique,Oui,21.74931742932038,34.82297964452949,8.075661602062498,7.128753050542747,0.8873931386857492,12850
J,Lagune,Oui,22.42386992573245,34.713199113551546,8.070016180372512,6.978332717524759,0.9641080670984439,18106
E,Lagune,Non,21.62696331072468,35.05092814763099,8.2904136589573,6.7036840963286695,1.487017479844447,17151
G,Océanique,Oui,24.41101836402999,35.77451007574759,8.262595891536206,6.256279295318774,1.1305395422084314,19503
I,Côtier,Non,22.736462427457376,34.38044646217305,8.321878023344812,6.485291197748589,1.490655095208509,16952
E,Océanique,Non,23.102316679074725,34.26623736712378,8.084095478959995,6.451891975686551,1.1843538681882964,14055
A,Océanique,Non,22.99432190300112,35.08238042061826,8.12956244887471,6.599255391384673,0.8316204454084284,15402
J,Océanique,Non,23.760210786227987,35.025443850928006,7.94833574505792,6.9353004314394004,1.378413519946344,19281
J,Lagune,Oui,22.27153233805556,35.086670832185206,8.247693442611826,6.7638251123412205,1.0820215364488783,11672
A,Océanique,Non,20.05475207806623,35.12197659895425,7.983222044873206,6.176787176904573,1.3397377627034086,14532
B,Lagune,Oui,22.599531927628963,34.8883988726826,8.121677556376262,6.912948935005861,1.2050421735080163,14924
F,Lagune,Oui,21.022964659312258,35.74493171930104,7.990269747236715,6.593939642003947,0.8913763544114259,16085
I,Lagune,Oui,21.207074977375363,34.199548010761745,8.04111331732613,6.706119738757675,1.2328589530741139,17734
H,Côtier,Oui,22.87954602813264,34.585751487609876,8.01627375689503,6.939962257783581,1.6392446284305597,14864
E,Lagune,Oui,23.857424607150453,34.94837261992548,8.039212473932418,6.166525925145935,1.2985972917028918,19316
A,Lagune,Oui,22.031907365104093,34.17840559442292,8.046087729685102,6.489252326388061,1.1884964493989074,11221
G,Côtier,Oui,22.463249518898447,34.91207279778396,8.045173120507492,6.340563634592235,1.4150686803913795,12860
E,Lagune,Oui,24.553322416952856,35.83073508286401,8.18333339117803,6.029642172390363,1.2421336930406222,18428
F,Océanique,Oui,22.361129769232853,35.01044324414798,7.989513720693748,6.604012993281476,1.2419068460525589,19336
G,Océanique,Oui,25.90252467127059,35.11535045285934,8.122054142701387,7.253466965475327,0.9816749655681795,13253
C,Lagune,Non,22.848264468447315,34.36991761741371,8.221795915230555,5.947976676648274,1.2467696051579196,13782
J,Côtier,Non,19.358855861266274,34.69181929598026,8.04868036354866,6.490315816685159,1.4070886832833889,16957
C,Océanique,Non,23.130012431656798,34.81240180983803,8.02820811092524,6.692162880522432,1.032787569579995,10766
E,Côtier,Oui,22.571737577324168,34.841142451621884,8.076947537481974,6.536923460496855,1.4848991642493896,12681
F,Côtier,Non,23.93462913112412,35.64082189750189,8.21797252083607,6.466061584245278,1.1816587951709747,17710
I,Océanique,Non,23.009772026904937,35.27884553036256,8.119410763095335,6.110235090966253,1.0224460976922918,17482
E,Côtier,Non,21.792316024024338,34.444271021531485,8.04687857053924,6.569836022882049,1.3995264153840488,15086
A,Océanique,Oui,20.16355264556595,35.123252389216,8.148387665118804,6.272970806895222,1.1426411528523461,17964
D,Côtier,Oui,21.686465114070963,35.249110874248395,7.989770785016358,5.843023488506434,1.3519029774972215,12665
E,Océanique,Oui,20.72421931868605,35.570074519260636,8.168135951044295,6.858377666154119,1.1416482735482925,19951
J,Lagune,Oui,21.129214825292916,35.790270343284185,8.140860730770177,6.7875157459526125,1.1880347712940191,13513
J,Océanique,Non,22.882867606630914,34.492452904086065,8.069219152886111,6.515498293055324,1.2987120408668582,10495
E,Océanique,Non,24.50485675652711,34.59457124439483,8.016141420155277,6.568722406461711,1.2581794115180012,15822
G,Océanique,Non,22.592007294734472,34.37121107054269,8.011331907771654,6.822295403814668,0.8008936439096522,12072
D,Océanique,Non,20.206175406947224,34.88299007044651,8.15348173363459,6.567301897033425,0.9757512519811216,17795
A,Côtier,Oui,22.66690400233021,35.233179187223165,8.222898050248906,6.771205266428394,1.385881996958163,18529
E,Lagune,Oui,23.79494722996848,35.49366725829455,8.03626922529712,6.410755339737845,1.1735726822196906,13949
G,Océanique,Oui,21.085325643520928,34.96202448817874,8.145838670355149,6.893595121572184,1.0952537394457156,16033
J,Côtier,Non,21.798974249990625,34.840076238372575,7.891297298139793,6.596235717779805,0.9282851969485051,18328
J,Lagune,Oui,22.022032292093794,35.07587899612437,8.04153822693428,6.558215583081762,0.9840527357448303,12555
F,Lagune,Oui,20.82265253037664,34.58242854918499,8.09689410671291,6.11898167338639,0.7956402720076104,16370
E,Lagune,Non,22.972420650765788,36.04476936084739,8.009031658301817,6.586086756290513,1.1797438562596934,14415
D,Lagune,Non,21.81857777708833,34.19616948644097,8.006349362521041,6.250413524751664,1.0803124838837905,15959
B,Océanique,Oui,22.629298665860542,35.092370289447864,8.033222044353112,6.308515182041452,1.0066824218029369,19107
D,Océanique,Oui,20.66876173329685,36.01180310961482,8.129219272832637,6.255387311505164,1.1863753149664094,15993
J,Côtier,Oui,21.343812549514883,35.003399922279996,8.081267098159362,6.180129520430232,1.2727941261705475,15021
J,Côtier,Oui,23.083572036741657,34.904980482499255,7.876176876667502,7.137431420905088,1.618639586441989,12907
C,Côtier,Oui,21.44075027186235,34.821277288594786,7.887929984736493,6.899401718596521,0.8976233160873572,12914
J,Lagune,Oui,24.590445776850107,34.9098041591188,8.039313482214283,7.0761102506432785,1.4318762086601045,13870
A,Lagune,Non,21.400545721578098,35.686424237338265,8.145768658605355,6.133131494133331,1.3946203122030143,19190
H,Océanique,Non,22.337027088627828,33.89406904433525,7.825249515727476,6.521376124973267,1.04418145212466,15085
E,Lagune,Non,23.398886247809635,35.766716850648166,8.050026982384837,6.111947712438771,1.240647190917206,16546
D,Lagune,Oui,19.872451400600454,34.28802142377493,8.047375214348257,6.29129153684088,1.1084733501324768,10395
H,Lagune,Non,19.358786782028837,34.86667383538279,8.238833777820844,6.224561904975028,1.2371377160837478,10938
G,Côtier,Oui,19.711515528144858,34.78537778985067,8.061497818828713,6.871875201932468,1.5018262026809102,19828
B,Côtier,Oui,23.893876155140774,35.29427663488536,8.138298898474092,6.381131096569472,1.3211212465262625,12510
A,Océanique,Non,21.17221278116133,34.20093782405812,8.114125714008747,6.820513800108205,1.3017216746466884,14636
D,Lagune,Oui,25.837298928502378,35.23108633304097,7.88694335201928,6.681236266876556,1.1139381360090714,11649
H,Lagune,Oui,21.153628602013917,36.01215481164343,8.176820721663173,7.191091625631437,0.9031886670151329,13690
B,Océanique,Non,22.276826954795556,34.3184129977036,8.121539650545628,6.056166733058083,1.1583063578919184,13435
C,Lagune,Non,24.313164928851812,35.0948530838052,8.150826863967458,6.87776997193604,1.441321630972783,13201
A,Lagune,Non,25.009139332238686,34.6690089111017,8.492623770643632,6.8439322611202185,0.8945664286820705,14179
A,Côtier,Oui,25.092255364954596,35.21294360309652,7.891588706050141,6.20798634859189,0.988982126364661,18405
C,Océanique,Non,23.812549345889714,35.00957388870788,8.27246966497611,6.8021400009419475,1.2252535472468136,13237
E,Océanique,Non,23.536093788717192,34.67925654547785,8.071255248059964,6.600843488907868,1.0030690430305476,13862
C,Océanique,Oui,22.888790423801776,35.24393614243554,8.1287328904403,6.431757122013978,1.0414953105769573,10058
A,Océanique,Non,23.167541614249956,35.90217405489337,8.095448775469876,6.2528193539084,1.1152802836543645,14938
A,Côtier,Non,21.1732214255072,34.90454810413635,8.057576366660195,6.284267164565244,0.9268765191619701,12971
H,Côtier,Non,20.77270167486654,35.35987897107409,8.043016707176124,7.1149436287357775,1.0051756307567263,19719
J,Lagune,Oui,21.994938313883573,34.353363521064416,8.1329508735573,6.500204845687245,1.3406855833574618,18314
B,Lagune,Oui,21.744723066212607,34.521781811591,7.948282630332832,6.734639000459437,0.9385260435538072,19628
C,Lagune,Oui,21.320157926009088,35.23620313894019,8.175057916752177,6.262730185499734,0.8804255731010324,19354
B,Lagune,Oui,23.044581171185072,35.74205801426798,8.058380559511475,6.266044116133508,1.0739950040932211,13345
C,Côtier,Non,23.432957812855765,35.17780667439283,7.986993066095964,6.824595442774982,1.346391100501969,12486
G,Océanique,Oui,22.13261032943777,34.843470984738424,8.05499871420042,6.095127136534541,1.160615638400622,10561
A,Côtier,Oui,24.216295121582892,34.999645702711675,8.225714921686256,6.375435869628419,1.1070837843768764,13981
J,Lagune,Non,20.28746632879974,34.37479613301514,8.046466491298377,6.51020822332167,1.2088717595031213,16261
H,Côtier,Non,21.709510811080424,35.302257663177684,8.135845361820962,6.533411780552016,0.8508585134280695,11737
J,Océanique,Non,20.924766519095794,35.441166531161706,8.026904372428453,6.446272014495153,1.2989411307550065,19096
J,Océanique,Oui,19.20019507439041,34.77395483358346,8.175792184992362,6.618745934328777,1.2766870062807287,13554
J,Côtier,Oui,21.875978971235952,34.76497892612025,8.16855077387902,6.7078567267453435,1.1181383051808558,19918
B,Côtier,Oui,21.817378737425074,35.13293911482602,8.28486088332964,6.720391263637799,1.4011849023592833,19126
C,Côtier,Non,24.270174614863198,34.7816401319797,8.082443605450077,6.204258857399652,0.9745007802093922,17095
I,Lagune,Non,22.946217526832168,34.966933692687086,8.16686548047579,6.414753470621361,1.4255817986507138,18266
G,Côtier,Oui,20.46371976350619,36.049860894583254,8.109806753953894,6.858428858563081,1.2308987331190502,10294
D,Côtier,Non,24.781138849501282,34.876487149627,8.229587178186302,6.768394156272162,1.1326894820243654,18212
J,Côtier,Non,23.831550543288028,34.820829923989386,8.028116761239126,6.088142164555681,1.1960252729263376,19230
E,Océanique,Non,22.873146555202922,34.67622909718242,8.174500531287729,6.605443970105661,1.1785470468378116,15330
B,Océanique,Oui,21.66027385172525,35.372095985749965,8.080530270388332,5.906532425187557,1.4440565792835434,14655
H,Lagune,Non,20.56084114491478,34.90938791339095,8.09358118228915,6.514080470618111,0.9846641745057972,11109
D,Lagune,Non,21.44168983589342,34.675313480839286,8.109175248444837,7.069330105023793,1.0474961521706803,13771
I,Océanique,Oui,23.63312292955628,35.6606520161365,8.125224039642667,6.215632184819304,1.4072605784144958,18563
E,Océanique,Oui,24.826879458901914,35.709801502256816,8.088377095687804,6.249703086352525,1.0808930129632282,16123
I,Océanique,Non,24.314865292408285,34.699788217130646,8.121471318317052,6.729208934471858,1.3801066154663184,17647
D,Côtier,Non,21.266725867320588,34.06673002431969,8.257811805756218,6.037159545437106,1.5398871966017418,11174
J,Côtier,Oui,20.320573850066484,35.50375684491846,8.19854496856152,6.310173491034488,1.1196409946116732,11164
E,Océanique,Oui,22.211329370366805,34.65768508712,8.18691545924969,6.678932341274526,1.336272465315061,19284
I,Côtier,Non,19.347340951655724,35.39531279958138,8.054446047397613,6.309714245693179,0.9692615437320282,19475
H,Côtier,Non,22.484751571277172,34.014948091144085,8.011075917177168,6.429209003836709,1.3509466596135618,19037
C,Lagune,Non,21.778596120551995,35.446298669149655,8.195530055823776,6.7232557130945105,1.2398847971973534,18712
A,Océanique,Non,21.300945247197635,34.39441403535961,8.18760467925298,6.626463825060968,1.294607656432043,14466
C,Océanique,Oui,19.60794539909981,35.36538205953326,8.247267067575098,6.58004551888862,1.070885585592921,15538
D,Côtier,Non,22.770400159854574,35.007136533918214,8.039601937403077,6.398263316218989,0.8677833168865654,17111
B,Océanique,Non,21.200948740507133,34.523030290301676,8.077045134463965,6.611018334580686,1.300650412949901,18434
A,Lagune,Oui,20.24512474643457,34.79648184353661,7.936051583747457,6.462880195970073,0.787319369504109,12800
G,Lagune,Non,17.691606680077527,35.34315922847835,8.060752889393912,6.637341682977736,1.136529901551493,14607
H,Lagune,Oui,21.958727642424044,35.05294722655762,8.199657051057944,6.350920392464607,1.388236373283994,17262
G,Océanique,Non,24.658377395004617,35.29220649023624,8.05335046207718,6.445229307686137,1.238379547174607,11541
E,Océanique,Non,24.491888821821803,35.98822029225774,8.164047979520083,6.2030126622343955,1.5896685289579626,12765
A,Océanique,Oui,21.314355615120594,34.21787919414447,8.080949689400219,6.489497716998129,1.4050218305163547,14491
G,Océanique,Oui,21.09668190945733,35.80860628748431,8.132405702822156,6.256699740911347,1.0692203223348846,13083
G,Océanique,Non,22.703161384112537,35.052177968761605,7.985230861018433,6.165786064951402,1.2054626759702878,15356
I,Lagune,Non,20.50242184121756,34.55060797583844,8.10852094496339,6.577598344356616,1.1905258594911128,11857
C,Côtier,Non,22.452687849729198,34.3348431871305,7.800886402909927,6.563821932757298,0.8835646473307746,10769
I,Lagune,Oui,23.149120417577034,34.90543980461148,8.081310384183801,6.734862120484571,1.0119202167031294,11422
A,Océanique,Non,23.84039983582646,35.46082505596223,7.936952675628485,6.37066232912747,1.087847818604028,18598
A,Lagune,Oui,21.84976888528007,34.93622543981123,8.220599451654682,6.6224158540510265,0.7927558994288126,12972
D,Océanique,Oui,21.69448937473455,35.75557746512367,8.177740735276451,6.665239271682099,1.2094986936503285,11872
I,Océanique,Non,20.683026119865158,34.27441215497422,8.146667098196607,6.633432142349479,1.1501856310693919,15599
F,Lagune,Oui,20.75967946894021,34.993955526076974,8.252100622715938,6.252303895159358,0.8654212197376852,12269
C,Océanique,Non,21.66028166214771,34.37380327779344,8.005108347917515,6.544809044681356,1.2808425730554664,15275
A,Côtier,Non,22.551048260224267,35.181815941312486,8.274736319791556,6.609242088816399,1.3431745489381919,14749
D,Océanique,Non,23.370376939349875,35.44344369504865,8.193219156426037,6.502153540072382,1.2454068957729778,16571
I,Côtier,Non,20.795231573979482,34.789619103159474,8.076344471278105,5.874056702488675,1.135186364958206,19373
C,Côtier,Non,24.239032853439284,33.69789307168643,8.213562014718294,6.548146887192044,1.318288430350371,15072
I,Océanique,Oui,21.593314598436148,35.09947407339825,7.989370648758836,7.163759311819173,1.3360440720953382,19631
G,Lagune,Oui,21.967949058477345,35.218369275866756,8.017548583847232,6.391988219372905,1.2614807139439377,15463
D,Côtier,Non,20.879182481278264,35.20214737748085,8.03914102767603,6.281576870643404,1.0350775499130478,17450
C,Lagune,Non,18.36363960959059,35.61789109591108,8.047102229193598,6.612004567913419,1.255320153102236,18420
J,Côtier,Oui,23.326068094541576,34.46447316017547,7.9943442357239745,6.593713463139972,1.4390961301650957,13959
E,Océanique,Oui,23.105265845638648,35.34010805272523,8.222308306709532,6.8578205496249245,1.0806741882776538,11313
E,Océanique,Oui,21.57800866432268,35.59625375623899,8.074114559963016,6.122639553227334,1.6195878678264863,17847
C,Côtier,Oui,22.100486075837306,34.11070620799674,8.135250496835688,6.719414075772498,1.094873813202923,11070
I,Océanique,Non,22.77390882655615,35.15982591295949,8.042964863358632,6.677126618375439,1.2064814026680273,19166
D,Côtier,Non,19.656181214670184,34.74791008449616,7.917939669945148,6.457356038917836,1.0655028807987328,19930
E,Océanique,Oui,21.206420983980557,34.95923866344918,8.127005735839141,6.601606195376507,1.244654167184052,13285
D,Lagune,Non,23.191397019432742,35.17383824176917,7.908774502458022,6.808837244479507,0.8515556614729449,18949
E,Océanique,Oui,20.118565865246126,34.756385717943225,8.093136595391453,6.761694614008535,1.0907916402366558,13095
G,Lagune,Non,22.440336898249942,34.662145960419195,7.963168496116719,6.157094206377882,0.9815757599302866,10320
I,Océanique,Oui,19.965127293064892,35.017076208744015,8.29872759992308,6.746047456026646,1.2270676695784581,12321
G,Lagune,Non,22.69964497365029,34.456377030568596,8.191136272217472,6.480593418490244,1.3988894751017815,10555
E,Océanique,Oui,21.946537776553775,34.457087435557405,8.110575379127148,6.521862229404655,1.3292012374229103,14939
J,Lagune,Oui,19.577302276141737,35.33968664147825,8.226370667765467,6.521959097300508,0.7256681278282215,15432
J,Côtier,Non,23.747109031685756,34.42560298242067,8.015368402253426,6.4549271033605224,1.608413930585576,11386
G,Côtier,Oui,20.898112634802928,35.33315625045461,8.154347937867009,6.857512249132119,1.2590559881241736,14763
J,Lagune,Non,20.784621344478428,35.23129564642698,8.11998104337187,6.474884612045236,1.0447001719014,16854
E,Océanique,Non,22.300853795846415,34.1370966356047,8.126402008133367,6.164136161485049,1.2314255837981882,17637
C,Lagune,Oui,23.722956024143073,34.66121767383217,8.227235350010677,6.381941043209081,1.2352379645005385,14841
G,Océanique,Non,20.476267271532404,35.59705470152369,8.17324921027798,6.553608415043143,1.0666302566096872,13867
B,Côtier,Non,22.092519774771958,34.50941723443016,8.128872366282502,6.8687644352891155,1.239583333468415,13793
I,Océanique,Non,22.64322475049586,34.76779786884531,7.93451125637717,6.68092840548465,1.0785055424759384,17373
J,Côtier,Non,23.039658410894717,35.23103044662595,8.003995370472053,6.2448394163758865,1.1191276014619953,12513
J,Océanique,Non,22.264662332915837,35.3916952546413,8.087729106640428,7.245556975003668,1.062744172848983,13803
A,Océanique,Oui,21.449458241375016,34.87423055697775,8.109337237427665,6.579432593293394,0.9134657420520693,12327
F,Océanique,Non,20.75861466902692,34.70124490265418,7.986979627532607,6.8826172213997046,1.2291672940430767,18809
G,Lagune,Non,22.129215824569563,35.71118493084926,8.341167667557842,6.454485669926831,1.3170598873032675,12165
H,Lagune,Non,20.39179148202159,35.86944983189879,8.251639405525356,6.6600077734116345,1.3029767192152744,13308
J,Côtier,Non,17.61797427475809,35.4894290253909,8.160211832039248,6.751840551355522,1.3639850505270468,16452
I,Côtier,Non,22.6548397062365,35.042659071282515,8.107203686128374,6.865458413526277,1.2648680420029736,18067
B,Lagune,Oui,23.355902261629293,34.59586713917954,8.078779103009884,6.8172104916134675,1.0934549003566192,17642
J,Côtier,Non,18.455601346687242,34.58477779672172,8.004808153997777,6.761659100021894,1.3679327728862378,16404
B,Lagune,Oui,20.485403942935093,35.26125705263288,8.107748051851885,6.4054739806417675,0.928496492031613,10992
E,Océanique,Oui,22.928731391507796,35.209199110444345,8.125775254014275,6.328476187413181,1.019865723497504,15424
E,Côtier,Oui,25.08624320456755,35.700799296473214,7.975823942451838,6.599782253097259,1.007159985715351,19569
F,Côtier,Oui,22.03119056151311,35.325225046268066,8.13341764172449,6.779938421702321,1.416011211827862,14381
C,Lagune,Non,20.907995588156297,34.24845984912009,8.084474095117525,6.433183789767018,1.3885577028280152,13174
H,Côtier,Oui,21.72565533834274,35.52597380886146,7.90921924421226,6.819551589714316,1.297461047408999,14782
A,Côtier,Oui,24.062314628722277,34.50096968634279,8.013961498922049,6.935785023645854,1.4143859730423594,19497
F,Océanique,Non,21.031053731313197,34.808014364023826,8.058639446657835,6.225103724277974,1.0241434435176022,15560
D,Côtier,Non,20.80121199002462,35.125100103125845,8.28876876573402,6.248923788861116,1.269719023972196,17460
A,Océanique,Non,21.275884716726953,35.997833744891985,8.155655312453375,6.457887482328399,1.174965114323367,13078
G,Lagune,Oui,20.57000708761193,36.55495927800268,7.96645184309001,6.592283800456759,1.3693764207769827,12983
I,Côtier,Non,22.184005473992194,35.30336152956809,8.148603628941764,6.342629895869885,1.1769551534895604,17259
D,Océanique,Non,24.43701768770434,34.908401690639806,7.945269601106163,6.905660803660143,1.1230114223179837,16054
D,Lagune,Oui,22.484618909674044,35.26725282424027,8.208269105388707,6.627220058455535,1.3081817037121979,12523
F,Côtier,Non,21.62146974681057,35.443827712936915,8.052887534818211,6.511834114472222,1.3752338334382466,19677
C,Lagune,Non,21.562283096626683,34.839666187221404,8.090636381126082,6.069227142839441,1.0663309610306397,14581
F,Côtier,Non,19.655213786955013,35.897605677956165,8.232579664754219,6.105255255071748,1.1877848657295247,15609
G,Lagune,Non,23.32466466572074,35.1150353795957,7.971283643141574,6.5843027750845415,0.9883118732716694,12001
J,Lagune,Oui,21.883244204480796,35.2488715445457,7.960288181488701,5.860221312153549,0.700387796501412,11387
J,Océanique,Non,21.72928012961406,35.33296212602723,8.0416400673654,6.803791222893222,1.2400919262827457,16552
C,Lagune,Non,26.789661351767293,35.21079330530723,8.203837885101931,6.452553846688304,1.3217810712509264,11030
G,Côtier,Oui,22.448129362548528,35.41947025023481,7.948065392452316,7.47292789087842,1.252413361817345,19957
C,Côtier,Non,20.872313424857225,34.69137340672654,7.816784440188942,7.192374875184833,0.8100876564491265,11220
B,Océanique,Oui,21.360463605691685,34.72084912302699,8.0548841141591,6.445565279225745,1.1298301139847051,16035
J,Côtier,Non,23.722668563795132,34.449922883514155,8.155174079991092,6.468098899240606,0.7563304479897837,19810
D,Côtier,Oui,22.16990561580665,35.21975061531011,8.220026174973883,6.798674454200609,1.473940221530837,19455
H,Côtier,Oui,19.84258303252395,35.38946825175606,8.05368386379146,7.010951782975411,0.9827890835763827,16523
I,Lagune,Oui,23.378843401862806,35.22888643307594,8.0588573392884,6.008591282769195,1.4510807218919792,18074
G,Lagune,Oui,20.99778387169151,35.83724621667377,8.215390073425574,5.964087360393594,1.3891739287368292,19063
A,Côtier,Non,24.80994666432632,34.997201990585474,7.913025830030458,6.313389558333686,1.0198819294927877,10834
C,Océanique,Oui,23.620072098571974,35.334370827796256,8.061147922481698,6.674821274952159,0.9734430097464509,19110
I,Lagune,Non,21.329017156511874,34.45414956193034,8.119042388992506,6.649062077152279,1.2700740432772677,11724
A,Océanique,Oui,23.92152454260267,34.8064501487628,8.144921872128503,6.820931436495155,1.0311351925633858,16598
I,Côtier,Oui,22.101783265791106,35.34776887878289,8.049019330680911,6.140090741490408,1.2204969284316414,12413
H,Côtier,Oui,23.27916051268333,35.42455105537157,8.103444101170584,5.805156841109337,1.1034344818386164,19505
A,Lagune,Non,22.72709922594171,34.853016526167906,7.8511672646587005,6.757404258590643,0.8437683171068733,15993
F,Côtier,Oui,20.73046501751369,34.96420037407097,8.034175158766615,6.2515411181104295,0.7539063961751081,14498
E,Lagune,Non,21.034675251523808,34.2410631266596,8.145350871255447,5.894453640683409,1.2453368496989194,12105
F,Côtier,Non,23.54494122637174,34.821485399596696,8.001770596574532,6.5435191237878145,1.0876884507338749,12568
J,Côtier,Non,21.49783700184019,35.44519158175989,8.10589842215896,6.737952706465603,1.0893820366171736,19330
E,Lagune,Non,21.394527305137004,35.28760250805328,8.144687250080269,6.463382860363617,1.339172767818757,10209
F,Lagune,Non,20.56731613097597,35.250332860690605,8.065745079914223,6.362645484145253,1.434688455326489,19256
E,Lagune,Non,22.635398598390193,35.02488684359048,8.117046377099657,6.452191330356228,1.145491055727638,14911
E,Côtier,Non,25.093787378864718,35.003531579314085,8.003726743471539,6.388825171279765,1.1318802586180277,12220
D,Côtier,Non,20.39870062861859,34.66983943026327,8.079338872030394,6.09558586641795,1.3000286066227766,10233
C,Océanique,Non,22.036329185009137,35.349414210101266,8.161021616958921,6.285595796902871,0.9286128860600849,10792
C,Lagune,Oui,24.118330833123146,35.210486472194695,8.115697296096844,6.656383971504145,1.2446306109495393,13110
D,Côtier,Oui,21.880537913131427,35.2460094239964,8.041346873043606,6.59650356241295,1.3103771943644307,12166
I,Côtier,Oui,22.6785576943746,34.73698257866621,8.12242164042908,6.550417941790046,1.3360460416835258,18526
B,Lagune,Oui,20.40640970777968,33.923328540064375,8.171460979063662,6.201455455443986,0.812649459499507,19551
I,Océanique,Oui,22.64246064581147,35.54857635587685,7.895005872142252,6.4455490513593,1.0477289460382118,15193
A,Lagune,Non,21.719283602493178,34.7605812719958,8.215907406495589,5.8468804860671435,1.0243473494353066,11214
A,Océanique,Non,23.478594993519796,34.56861211797844,8.066374526131893,6.553542999165617,1.2199773908818425,14419
E,Côtier,Non,23.781079077347126,35.346739455957,8.142548993324022,6.92865731234407,1.2961489159535968,17314
F,Océanique,Non,25.88434546302792,34.803993680040435,8.219724692364522,6.057760360387368,1.4993420814891962,18475
F,Côtier,Non,22.869449759820363,35.52996819202331,7.962832630276953,6.324221698004673,1.1010069039263852,10212
C,Lagune,Non,22.48869447487325,35.30850297478835,8.029055899757244,6.598732033613039,1.100485500338157,11658
G,Lagune,Non,22.291576452366005,35.34178466160024,8.071145130412429,6.875852790328245,1.4299344037757493,15024
I,Lagune,Oui,21.470250560783967,34.317022144399736,8.021624647887556,6.365532615109955,1.259315387706061,19609
J,Océanique,Oui,22.507725765192536,35.6059719926932,8.27349365758368,6.292324901220231,1.4535303022375947,15917
H,Côtier,Oui,21.556897884791457,35.13062526561693,8.014322790617321,5.909323057275175,1.2577456006019672,15141
F,Lagune,Oui,22.25269146440442,34.815361430376896,8.044445322051313,6.531031438792432,0.9685766762573458,11794
H,Lagune,Non,23.97639630341194,35.071694233671124,8.120438903160297,7.112622812043123,0.9333743290444386,15988
E,Côtier,Non,20.49018615208054,34.11188238355084,7.979785047392391,6.583207538589403,0.8896975501882141,18296
H,Lagune,Non,23.709817841693567,35.20432640574033,8.060431928824373,6.493316306244886,1.3324103669516947,15578
J,Côtier,Oui,23.975672601009798,34.48531424590897,8.131745326125017,6.596624693230096,1.4377193646174016,15551
D,Côtier,Non,21.822897209513382,34.323664857078235,8.06671395956175,6.496672398815419,1.5698724282772762,13845
J,Côtier,Non,18.81721765148711,34.23882040689105,8.090661314110005,6.256095688321961,1.368621066464648,16906
H,Côtier,Non,21.08826701935835,35.556344187494965,8.047066788755162,6.746983974703312,1.4325677155069971,10378
J,Côtier,Oui,23.945491819841664,34.6853683031536,7.9485529690819225,6.567728456933526,1.083996733469263,13293
B,Océanique,Non,21.965697906551675,35.76686385495825,8.132159321133923,6.505283975580097,0.9687168366512287,13329
E,Lagune,Oui,20.501046651557633,34.73209926847385,8.275493307164723,6.207390191816525,1.3700158664835107,14808
I,Océanique,Oui,21.242837618157672,34.146321021203526,8.101840163078343,6.891052379580428,1.2835361504478802,17937
D,Lagune,Oui,23.26093003975683,34.44173778002567,8.122526411724754,6.699410823599933,1.2214888748681785,10224
F,Océanique,Oui,22.82010035230207,35.61790581000347,8.169272275511686,6.33412374878981,1.277474296126598,10737
A,Côtier,Non,21.641601851245458,34.92205091103167,7.97306695034533,6.800547456104582,1.2646370964916411,10235
I,Lagune,Oui,21.44976338227797,34.7258563517547,8.27025146581296,6.350728748484438,1.4567633719707123,10711
A,Lagune,Oui,21.412362776434268,35.08000911292639,8.12023287964228,6.265398952246689,1.458997116963391,15988
E,Océanique,Non,20.616384723252246,35.25089136808377,8.26318568990891,6.272089064755914,1.3088440704680693,11888
D,Océanique,Non,24.42306353420416,35.55869940795123,8.026696700447602,5.9686794340735725,1.3691605745125857,17173
C,Lagune,Oui,21.51651929618299,35.724249614946466,8.281806192255782,6.641462714125462,1.302812510484955,11259
F,Océanique,Non,23.825737781238246,34.820115677105456,8.177515549403479,5.950656536498495,1.1077660535930762,15246
B,Océanique,Oui,24.281974077883678,34.33697615695898,8.155304008585235,6.131466850620272,1.351312934982628,17271
C,Océanique,Oui,23.49746634722194,34.793267419438365,8.123402445435314,5.87732359727644,0.9211009862281476,10748
E,Côtier,Oui,21.352569530922928,35.130140253291444,8.075147138192555,6.474179092162732,1.4107783104591767,13551
I,Côtier,Oui,22.605595135504913,34.51812053689469,8.220053165847387,6.454903861918439,0.9610954120467929,16400
B,Océanique,Non,21.963706590413626,34.52142454255248,8.114035986984804,6.40199113604409,1.2571606573589464,16643
J,Océanique,Oui,20.644447208904808,35.17189394077494,7.903293029641285,6.187226691598827,1.0309692083147681,18701
H,Côtier,Non,22.486538922582405,34.97567382421477,7.9882813538293,6.148329873969008,1.3106777966148853,11823
B,Côtier,Non,20.231440313260297,35.016398497705794,8.081415424780724,6.639310959063972,1.1932149548144182,16852
E,Lagune,Non,23.781519082692345,34.620752332649964,8.130999898316555,6.334834420487454,0.8810488083673335,17777
G,Lagune,Non,21.30307405405241,34.884799642897114,8.09434115111001,6.594907496460843,1.2841399262036957,14232
H,Côtier,Oui,22.30173948380926,34.53788342786585,8.221897078979366,6.2344253941627334,1.0844158446334577,16519
A,Océanique,Non,22.42493180731921,35.44509920556239,7.904889813596137,6.554318822831324,1.3762293441626738,11777
F,Océanique,Oui,21.611642539443885,35.51762466736188,8.114358793650515,6.890983411194819,1.2002651377468814,11222
A,Océanique,Non,22.880040702212913,34.07690606888095,7.9182020774612845,6.675849740117835,1.2790841970776077,17630
B,Océanique,Non,21.287644515066212,34.535244569903796,8.175971229548416,6.376275854535056,1.0084862089969575,11777
A,Lagune,Oui,23.306945946185866,34.25173537245496,8.0905541285558,6.577159691106778,1.0821335537145276,19496
E,Côtier,Oui,19.981030479629876,34.67498803279655,8.141960997202412,6.427800447640936,1.1082722727797831,17490
J,Océanique,Oui,22.189569369319617,34.958281015104816,8.013611703941024,6.502364055408418,1.3713404960485112,14859
I,Lagune,Non,24.908393498587426,34.27517739015074,8.227946493165774,6.402316684355449,1.5354754175610978,18893
F,Océanique,Non,20.499503013091637,34.539070093437346,8.204172466405884,6.450699438234382,1.0389656496514248,18118
A,Côtier,Oui,20.983382544212724,34.49802131395925,8.158354430301188,6.5636280059222525,1.415369628931536,12989
A,Lagune,Oui,22.770861774488374,35.10363366469947,8.087048275313656,6.201992390125415,0.7660645164548595,18343
B,Côtier,Oui,22.269372672909398,35.03467216851813,8.157985728529512,6.195236351903007,0.9611621197815421,11325
I,Côtier,Oui,22.52594514891034,34.639131223331376,8.029310743201265,6.083437233850637,1.008244308762645,19493
C,Lagune,Non,22.733780695221494,35.0884104360697,8.185555565902071,6.019918668648887,0.9294982621118555,19903
A,Lagune,Oui,22.952082202842654,34.72665995770637,8.264948089432393,6.134815192333856,0.8832823220424839,15127
E,Lagune,Oui,23.664549762934335,34.864172444836974,8.207061055997919,6.547838752041239,1.2825997824275595,18998
G,Lagune,Oui,22.61472798539277,35.83672604514927,8.027039753019258,6.232163745352435,1.1571864604544277,12722
F,Lagune,Oui,21.638113518072185,35.67023052589517,8.13614173172731,6.654084339269329,1.2758810795210218,14656
A,Lagune,Non,23.008860551804098,34.3502093815362,7.970685845624135,6.510414124625768,1.3380945372243025,11325
E,Lagune,Oui,24.849822902342822,35.414866208939586,8.157239031117568,5.909448735968584,1.2531233986345067,14133
E,Océanique,Non,21.80104938042614,35.4056982772458,8.145060341286253,6.696492675266507,1.3315526352300746,19351
F,Côtier,Oui,20.538206042994037,34.42586835562369,7.913018366046783,6.743239593677513,1.186093542751546,12869
C,Lagune,Oui,23.66062100393046,35.40938882187743,7.983821615608763,6.201841197549544,0.962601322338851,11242
E,Océanique,Non,21.819428254069603,35.76896595920628,8.071686110325622,6.626057462868498,1.4115628361641592,18539
G,Océanique,Oui,18.740995680978948,34.43872759687779,8.069914025285916,6.24305052877724,1.0821775734437746,11831
E,Océanique,Non,23.271132515725633,34.54124858949287,7.979052306458119,6.5293011130245,1.0128807402475148,11569
E,Côtier,Non,21.197007721069117,35.50883073342175,8.138897872935217,6.12065047791351,1.1644164248391202,17246
E,Lagune,Oui,21.86420007654376,35.13574765541282,8.12514736089405,5.962068064239627,1.0174378161406974,11918
J,Océanique,Non,22.497970495853522,35.27573813761976,8.080573086802147,6.385154843116109,1.1165139236021135,16416
J,Côtier,Non,22.2857495196686,35.17029460820025,8.024420849984164,6.462881316117549,1.2688107843126932,13232
C,Côtier,Non,23.06417772570856,35.19534796046407,8.204870712641656,6.380696091915619,1.2696683478492252,13758
A,Côtier,Non,21.346770444145236,34.33676393584446,8.265540711308828,6.144790832533232,1.020433986714874,15997
E,Océanique,Non,22.769658697264124,35.52365885331072,8.051643851615346,6.380030281360659,1.102458925410251,12355
I,Lagune,Non,21.610679983624124,35.58479499621389,8.038783308284518,6.58078842577422,1.4148666009540487,19589
A,Océanique,Non,23.108215721331256,34.885304627965986,8.149120766541198,6.486532090963239,1.299280023546788,11824
C,Océanique,Non,22.92305122601958,34.97826152509307,8.0641970620253,6.554750309179764,1.6150130078697083,17280
D,Lagune,Oui,20.596841946933107,34.234446248722136,8.086060279933676,6.29896543986373,1.4360256347483056,14060
A,Lagune,Oui,23.628973174262548,35.25712737800892,8.173965315172467,6.851515374414848,1.4288586137119879,15324
A,Lagune,Non,21.19605483232893,35.286028720857075,7.90906439124927,6.147147999033566,0.9224262899088396,10404
H,Côtier,Oui,23.212086697421718,34.968904491500346,8.231830232485267,6.646268089126016,1.3527720703266846,11721
B,Lagune,Non,22.550930970102012,35.56217667993525,8.107268052432934,6.854567327887988,1.1893786396606179,15316
H,Océanique,Non,24.757275515192685,34.83296138451003,8.058850685543781,6.644272427824669,1.08980363929235,13845
G,Lagune,Oui,21.664801026442223,35.2823029629468,8.091076584577856,6.439242731880551,1.2336030681065056,14210
J,Océanique,Non,21.476024805822703,34.490167830653945,8.096242935502051,6.341510886001107,1.3890423069222968,10064
J,Côtier,Non,21.970870591168403,34.98822392456288,7.926879869655507,6.810826295313877,1.3001663182008423,19491
B,Océanique,Non,21.545230325748587,34.91282287104858,8.249493822745324,6.073107522421498,1.024305239731588,16382
F,Océanique,Non,23.199912852913076,35.11265396102047,8.104132563227061,6.208962721886107,1.348491782718524,19607
F,Lagune,Oui,19.57553408734512,34.815236535583324,8.144300213044737,6.380732670352484,1.0724824915848072,10968
C,Lagune,Non,20.419476371280467,34.934263702164166,8.195154977057404,6.8712961272536,1.2433366237928571,10368
B,Océanique,Non,20.39829561763121,35.41302358572075,7.997883754243969,6.613930290812268,1.1393299865045732,18424
A,Lagune,Non,23.425461387960365,34.78161788138089,8.147347189903522,6.209586272446926,1.1562267496528749,12242
F,Côtier,Oui,24.565920058872887,34.19671144963066,8.073235890910121,6.406907688384529,1.353248595008102,15002
E,Côtier,Non,21.84332617219379,35.87479195210271,8.184677077521648,6.315703056771111,0.9919612560368204,13083
I,Lagune,Oui,21.746767415214983,35.69072703934524,7.8872772579648505,6.28706330232994,1.5890390148553866,18073
A,Côtier,Oui,22.105078244669773,34.35386865244719,8.090090569975873,6.793666867567033,0.8357827861411007,19112
G,Lagune,Non,23.742817453912284,35.344853902622596,8.039717934421603,6.0884770612209484,1.0804664633490286,18880
E,Océanique,Non,20.60897029871414,34.748512614724326,8.143226295063416,6.982634256720312,1.274042377988348,11469
E,Océanique,Oui,22.35755347410218,35.13174360766553,8.14700441873682,6.748468907055387,1.316862833287062,14725
B,Côtier,Non,23.462796444673643,35.14711206450675,8.029237410517798,6.8272585011811096,1.1799048558856589,14259
C,Lagune,Oui,22.751641254909767,34.88279609984184,8.028782613582395,6.361118146392423,1.1885218593996916,13622
